{
    "MAE": 512781.59912560595,
    "MSE": 489026754919.8725,
    "RMSE": 699304.4794078417,
    "R2": -0.18881968399173976
}